{
	"credit": "Made with Blockbench",
	"texture_size": [32, 32],
	"textures": {
		"0": "model_textures/tnt_side",
		"1": "model_textures/red",
		"2": "model_textures/tnt_bottom",
		"3": "model_textures/tnt_top",
		"particle": "model_textures/tnt_side"
	},
	"elements": [
		{
			"name": "tnt",
			"from": [5, 0, 2.8],
			"to": [12.7, 7.7, 10.5],
			"faces": {
				"north": {"uv": [0, 0, 16, 16], "texture": "#0"},
				"east": {"uv": [0, 0, 16, 16], "texture": "#0"},
				"south": {"uv": [0, 0, 16, 16], "texture": "#0"},
				"west": {"uv": [0, 0, 16, 16], "texture": "#0"},
				"up": {"uv": [0, 0, 16, 16], "texture": "#3"},
				"down": {"uv": [0, 0, 16, 16], "texture": "#2"}
			}
		},
		{
			"from": [5, 0, 10.5],
			"to": [10, 1, 12],
			"rotation": {"angle": 0, "axis": "z", "origin": [3, 1, 10]},
			"faces": {
				"north": {"uv": [6, 0, 9, 3], "rotation": 270, "texture": "#1"},
				"east": {"uv": [2.5, 0, 5.5, 3], "rotation": 90, "texture": "#1"},
				"south": {"uv": [6, 0, 9, 3], "rotation": 90, "texture": "#1"},
				"west": {"uv": [2, 0, 5, 3], "rotation": 90, "texture": "#1"},
				"up": {"uv": [6, 0, 9, 3], "rotation": 90, "texture": "#1"},
				"down": {"uv": [6, 0, 9, 3], "rotation": 90, "texture": "#1"}
			}
		},
		{
			"from": [6, -3, 2],
			"to": [7, 2, 3],
			"rotation": {"angle": 22.5, "axis": "z", "origin": [0, 0, 0]},
			"faces": {
				"north": {"uv": [6, 0, 9, 3], "texture": "#1"},
				"east": {"uv": [6, 0, 9, 3], "texture": "#1"},
				"south": {"uv": [6, 0, 9, 3], "texture": "#1"},
				"west": {"uv": [6, 0, 9, 3], "texture": "#1"},
				"up": {"uv": [2.5, 0, 5.5, 3], "texture": "#1"},
				"down": {"uv": [2, 0, 5, 3], "texture": "#1"}
			}
		},
		{
			"from": [5, 1, 10.5],
			"to": [10, 2, 11.5],
			"faces": {
				"north": {"uv": [6, 0, 9, 3], "rotation": 270, "texture": "#1"},
				"east": {"uv": [2.5, 0, 5.5, 3], "rotation": 90, "texture": "#1"},
				"south": {"uv": [6, 0, 9, 3], "rotation": 90, "texture": "#1"},
				"west": {"uv": [2, 0, 5, 3], "rotation": 90, "texture": "#1"},
				"up": {"uv": [6, 0, 9, 3], "rotation": 90, "texture": "#1"},
				"down": {"uv": [6, 0, 9, 3], "rotation": 90, "texture": "#1"}
			}
		},
		{
			"from": [2, 1, 6],
			"to": [3, 6, 7],
			"rotation": {"angle": -22.5, "axis": "z", "origin": [0, 0, 0]},
			"faces": {
				"north": {"uv": [6, 0, 9, 3], "texture": "#1"},
				"east": {"uv": [6, 0, 9, 3], "texture": "#1"},
				"south": {"uv": [6, 0, 9, 3], "texture": "#1"},
				"west": {"uv": [6, 0, 9, 3], "texture": "#1"},
				"up": {"uv": [2.5, 0, 5.5, 3], "texture": "#1"},
				"down": {"uv": [2, 0, 5, 3], "texture": "#1"}
			}
		},
		{
			"name": "small tnt",
			"from": [14.76537, 0, 0.84776],
			"to": [16.76537, 2, 2.84776],
			"rotation": {"angle": -22.5, "axis": "y", "origin": [0, 0, -2]},
			"faces": {
				"north": {"uv": [0, 0, 16, 16], "texture": "#0"},
				"east": {"uv": [0, 0, 16, 16], "texture": "#0"},
				"south": {"uv": [0, 0, 16, 16], "texture": "#0"},
				"west": {"uv": [0, 0, 16, 16], "texture": "#0"},
				"up": {"uv": [0, 0, 16, 16], "texture": "#3"},
				"down": {"uv": [0, 0, 16, 16], "texture": "#2"}
			}
		},
		{
			"name": "small tnt",
			"from": [7, -7, 1],
			"to": [9, -5, 3],
			"rotation": {"angle": 45, "axis": "z", "origin": [0, 0, 0]},
			"faces": {
				"north": {"uv": [0, 0, 16, 16], "texture": "#0"},
				"east": {"uv": [0, 0, 16, 16], "texture": "#0"},
				"south": {"uv": [0, 0, 16, 16], "texture": "#0"},
				"west": {"uv": [0, 0, 16, 16], "texture": "#0"},
				"up": {"uv": [0, 0, 16, 16], "texture": "#3"},
				"down": {"uv": [0, 0, 16, 16], "texture": "#2"}
			}
		}
	],
	"display": {
		"thirdperson_righthand": {
			"scale": [1.01, 1, 1]
		},
		"ground": {
			"rotation": [0, 1, 0],
			"translation": [0, 4.75, 1.75]
		},
		"fixed": {
			"rotation": [-89, 2, 0],
			"translation": [-2.75, 6, -31],
			"scale": [4, 4, 4]
		}
	},
	"groups": [
		{
			"name": "thung",
			"origin": [8, 8, 8],
			"color": 0,
			"nbt": "{}",
			"armAnimationEnabled": false,
			"children": [0, 1, 2, 3, 4, 5, 6]
		}
	]
}