{
	"credit": "Made with Blockbench",
	"textures": {
		"2": "model_textures/salmon",
		"3": "model_textures/jellie",
		"particle": "model_textures/salmon"
	},
	"elements": [
		{
			"name": "Main staff",
			"from": [7, 0, 6],
			"to": [9, 16, 8],
			"faces": {
				"north": {"uv": [5.75, 6.5, 5, 10.75], "texture": "#3"},
				"east": {"uv": [5.75, 6.5, 5, 10.75], "texture": "#3"},
				"south": {"uv": [5.75, 6.5, 5, 10.75], "texture": "#3"},
				"west": {"uv": [5.75, 6.5, 5, 10.75], "texture": "#3"},
				"up": {"uv": [5.75, 6.5, 5, 10.75], "texture": "#3"},
				"down": {"uv": [5.75, 6.5, 5, 10.75], "texture": "#3"}
			}
		},
		{
			"name": "bit 1",
			"from": [6, 14.3, 6.2],
			"to": [7, 16, 7.7],
			"faces": {
				"north": {"uv": [8.25, 6.5, 9.25, 8.5], "texture": "#3"},
				"east": {"uv": [8.25, 6.5, 9.25, 8.5], "texture": "#3"},
				"south": {"uv": [8.25, 6.5, 9.25, 8.5], "texture": "#3"},
				"west": {"uv": [8.25, 6.5, 9.25, 8.5], "texture": "#3"},
				"up": {"uv": [8.25, 6.5, 9.25, 8.5], "texture": "#3"},
				"down": {"uv": [8.25, 6.5, 9.25, 8.5], "texture": "#3"}
			}
		},
		{
			"name": "bit 2",
			"from": [8.1, 8.9, 5.7],
			"to": [9.5, 16, 6.3],
			"faces": {
				"north": {"uv": [9, 6.5, 12.75, 9.75], "texture": "#3"},
				"east": {"uv": [9, 6.5, 12.75, 9.75], "texture": "#3"},
				"south": {"uv": [9, 6.5, 12.75, 9.75], "texture": "#3"},
				"west": {"uv": [9, 6.5, 12.75, 9.75], "texture": "#3"},
				"up": {"uv": [9, 6.5, 12.75, 9.75], "texture": "#3"},
				"down": {"uv": [9, 6.5, 12.75, 9.75], "texture": "#3"}
			}
		},
		{
			"name": "bit 3",
			"from": [8.1, 15.7, 7],
			"to": [9.1, 16, 8.4],
			"faces": {
				"north": {"uv": [8.5, 8.25, 9.75, 10.75], "texture": "#3"},
				"east": {"uv": [8.5, 8.25, 9.75, 10.75], "texture": "#3"},
				"south": {"uv": [8.5, 8.25, 9.75, 10.75], "texture": "#3"},
				"west": {"uv": [8.5, 8.25, 9.75, 10.75], "texture": "#3"},
				"up": {"uv": [8.5, 8.25, 9.75, 10.75], "texture": "#3"},
				"down": {"uv": [8.5, 8.25, 9.75, 10.75], "texture": "#3"}
			}
		},
		{
			"name": "bit 2 bit",
			"from": [8, 8.8, 5.4],
			"to": [9, 9.2, 6],
			"faces": {
				"north": {"uv": [9.75, 11, 8.75, 5], "texture": "#3"},
				"east": {"uv": [10, 8.5, 8.75, 5], "texture": "#3"},
				"south": {"uv": [10, 8.5, 8.75, 5], "texture": "#3"},
				"west": {"uv": [10, 8.5, 8.75, 5], "texture": "#3"},
				"up": {"uv": [10, 8.5, 8.75, 5], "texture": "#3"},
				"down": {"uv": [10, 8.5, 8.75, 5], "texture": "#3"}
			}
		},
		{
			"name": "bit 4",
			"from": [6.5, -0.1, 5.9],
			"to": [8.9, 0.4, 7.8],
			"faces": {
				"north": {"uv": [9, 10.5, 10, 5.5], "texture": "#3"},
				"east": {"uv": [9, 10.5, 10, 5.5], "texture": "#3"},
				"south": {"uv": [9, 10.5, 10, 5.5], "texture": "#3"},
				"west": {"uv": [9, 10.5, 10, 5.5], "texture": "#3"},
				"up": {"uv": [9, 10.5, 10, 5.5], "texture": "#3"},
				"down": {"uv": [9, 10.5, 10, 5.5], "texture": "#3"}
			}
		},
		{
			"name": "salmon_0",
			"from": [7, 13, -1],
			"to": [8, 15, 4],
			"faces": {
				"north": {"uv": [13, 1, 11, 2], "rotation": 270, "texture": "#2"},
				"east": {"uv": [11, 1, 13, 6], "rotation": 90, "texture": "#2"},
				"south": {"uv": [11, 5, 13, 6], "rotation": 90, "texture": "#2"},
				"west": {"uv": [11, 6, 13, 1], "rotation": 90, "texture": "#2"},
				"up": {"uv": [11, 1, 12, 6], "texture": "#2"},
				"down": {"uv": [12, 1, 13, 6], "rotation": 180, "texture": "#2"}
			}
		},
		{
			"name": "salmon_1",
			"from": [7, 12, 0],
			"to": [8, 13, 3],
			"faces": {
				"north": {"uv": [14, 2, 13, 3], "rotation": 270, "texture": "#2"},
				"east": {"uv": [13, 2, 14, 5], "rotation": 90, "texture": "#2"},
				"south": {"uv": [13, 4, 14, 5], "rotation": 90, "texture": "#2"},
				"west": {"uv": [13, 5, 14, 2], "rotation": 90, "texture": "#2"},
				"up": {"uv": [13, 2, 14, 5], "texture": "#2"},
				"down": {"uv": [13, 2, 14, 5], "rotation": 180, "texture": "#2"}
			}
		},
		{
			"name": "salmon_2",
			"from": [7, 15, 1],
			"to": [8, 16, 9],
			"faces": {
				"north": {"uv": [11, 3, 10, 4], "rotation": 270, "texture": "#2"},
				"east": {"uv": [10, 3, 11, 11], "rotation": 90, "texture": "#2"},
				"south": {"uv": [10, 10, 11, 11], "rotation": 90, "texture": "#2"},
				"west": {"uv": [10, 11, 11, 3], "rotation": 90, "texture": "#2"},
				"up": {"uv": [10, 3, 11, 11], "texture": "#2"},
				"down": {"uv": [10, 3, 11, 11], "rotation": 180, "texture": "#2"}
			}
		},
		{
			"name": "salmon_3",
			"from": [7, 11, 1],
			"to": [8, 12, 3],
			"faces": {
				"north": {"uv": [15, 3, 14, 4], "rotation": 270, "texture": "#2"},
				"east": {"uv": [14, 3, 15, 5], "rotation": 90, "texture": "#2"},
				"south": {"uv": [14, 4, 15, 5], "rotation": 90, "texture": "#2"},
				"west": {"uv": [14, 5, 15, 3], "rotation": 90, "texture": "#2"},
				"up": {"uv": [14, 3, 15, 5], "texture": "#2"},
				"down": {"uv": [14, 3, 15, 5], "rotation": 180, "texture": "#2"}
			}
		},
		{
			"name": "salmon_4",
			"from": [7, 19, 2],
			"to": [8, 21, 12],
			"faces": {
				"north": {"uv": [7, 4, 5, 5], "rotation": 270, "texture": "#2"},
				"east": {"uv": [5, 4, 7, 14], "rotation": 90, "texture": "#2"},
				"south": {"uv": [5, 13, 7, 14], "rotation": 90, "texture": "#2"},
				"west": {"uv": [5, 14, 7, 4], "rotation": 90, "texture": "#2"},
				"up": {"uv": [5, 4, 6, 14], "texture": "#2"},
				"down": {"uv": [6, 4, 7, 14], "rotation": 180, "texture": "#2"}
			}
		},
		{
			"name": "salmon_5",
			"from": [7, 16, 2],
			"to": [8, 18, 10],
			"faces": {
				"north": {"uv": [10, 4, 8, 5], "rotation": 270, "texture": "#2"},
				"east": {"uv": [8, 4, 10, 12], "rotation": 90, "texture": "#2"},
				"south": {"uv": [8, 11, 10, 12], "rotation": 90, "texture": "#2"},
				"west": {"uv": [8, 12, 10, 4], "rotation": 90, "texture": "#2"},
				"up": {"uv": [8, 4, 9, 12], "texture": "#2"},
				"down": {"uv": [9, 4, 10, 12], "rotation": 180, "texture": "#2"}
			}
		},
		{
			"name": "salmon_6",
			"from": [7, 21, 3],
			"to": [8, 22, 10],
			"faces": {
				"north": {"uv": [5, 5, 4, 6], "rotation": 270, "texture": "#2"},
				"east": {"uv": [4, 5, 5, 12], "rotation": 90, "texture": "#2"},
				"south": {"uv": [4, 11, 5, 12], "rotation": 90, "texture": "#2"},
				"west": {"uv": [4, 12, 5, 5], "rotation": 90, "texture": "#2"},
				"up": {"uv": [4, 5, 5, 12], "texture": "#2"},
				"down": {"uv": [4, 5, 5, 12], "rotation": 180, "texture": "#2"}
			}
		},
		{
			"name": "salmon_7",
			"from": [7, 18, 3],
			"to": [8, 19, 12],
			"faces": {
				"north": {"uv": [8, 5, 7, 6], "rotation": 270, "texture": "#2"},
				"east": {"uv": [7, 5, 8, 14], "rotation": 90, "texture": "#2"},
				"south": {"uv": [7, 13, 8, 14], "rotation": 90, "texture": "#2"},
				"west": {"uv": [7, 14, 8, 5], "rotation": 90, "texture": "#2"},
				"up": {"uv": [7, 5, 8, 14], "texture": "#2"},
				"down": {"uv": [7, 5, 8, 14], "rotation": 180, "texture": "#2"}
			}
		},
		{
			"name": "salmon_8",
			"from": [7, 14, 4],
			"to": [8, 15, 7],
			"faces": {
				"north": {"uv": [12, 6, 11, 7], "rotation": 270, "texture": "#2"},
				"east": {"uv": [11, 6, 12, 9], "rotation": 90, "texture": "#2"},
				"south": {"uv": [11, 8, 12, 9], "rotation": 90, "texture": "#2"},
				"west": {"uv": [11, 9, 12, 6], "rotation": 90, "texture": "#2"},
				"up": {"uv": [11, 6, 12, 9], "texture": "#2"},
				"down": {"uv": [11, 6, 12, 9], "rotation": 180, "texture": "#2"}
			}
		},
		{
			"name": "salmon_9",
			"from": [7, 22, 6],
			"to": [8, 23, 11],
			"faces": {
				"north": {"uv": [4, 8, 3, 9], "rotation": 270, "texture": "#2"},
				"east": {"uv": [3, 8, 4, 13], "rotation": 90, "texture": "#2"},
				"south": {"uv": [3, 12, 4, 13], "rotation": 90, "texture": "#2"},
				"west": {"uv": [3, 13, 4, 8], "rotation": 90, "texture": "#2"},
				"up": {"uv": [3, 8, 4, 13], "texture": "#2"},
				"down": {"uv": [3, 8, 4, 13], "rotation": 180, "texture": "#2"}
			}
		},
		{
			"name": "salmon_10",
			"from": [7, 23, 8],
			"to": [8, 24, 12],
			"faces": {
				"north": {"uv": [3, 10, 2, 11], "rotation": 270, "texture": "#2"},
				"east": {"uv": [2, 10, 3, 14], "rotation": 90, "texture": "#2"},
				"south": {"uv": [2, 13, 3, 14], "rotation": 90, "texture": "#2"},
				"west": {"uv": [2, 14, 3, 10], "rotation": 90, "texture": "#2"},
				"up": {"uv": [2, 10, 3, 14], "texture": "#2"},
				"down": {"uv": [2, 10, 3, 14], "rotation": 180, "texture": "#2"}
			}
		},
		{
			"name": "salmon_11",
			"from": [7, 17, 10],
			"to": [8, 18, 11],
			"faces": {
				"north": {"uv": [9, 12, 8, 13], "rotation": 270, "texture": "#2"},
				"east": {"uv": [8, 12, 9, 13], "rotation": 90, "texture": "#2"},
				"south": {"uv": [8, 12, 9, 13], "rotation": 90, "texture": "#2"},
				"west": {"uv": [8, 13, 9, 12], "rotation": 90, "texture": "#2"},
				"up": {"uv": [8, 12, 9, 13], "texture": "#2"},
				"down": {"uv": [8, 12, 9, 13], "rotation": 180, "texture": "#2"}
			}
		},
		{
			"name": "salmon_12",
			"from": [7, 20, 12],
			"to": [8, 22, 13],
			"faces": {
				"north": {"uv": [6, 14, 4, 15], "rotation": 270, "texture": "#2"},
				"east": {"uv": [4, 14, 6, 15], "rotation": 90, "texture": "#2"},
				"south": {"uv": [4, 14, 6, 15], "rotation": 90, "texture": "#2"},
				"west": {"uv": [4, 15, 6, 14], "rotation": 90, "texture": "#2"},
				"up": {"uv": [4, 14, 5, 15], "texture": "#2"},
				"down": {"uv": [5, 14, 6, 15], "rotation": 180, "texture": "#2"}
			}
		}
	],
	"display": {
		"thirdperson_righthand": {
			"rotation": [35, 91, 0],
			"translation": [1.5, 0, 2]
		},
		"thirdperson_lefthand": {
			"rotation": [34.75, -91, 0],
			"translation": [-0.25, 0, 2]
		},
		"firstperson_righthand": {
			"rotation": [-27.83, -22.41, 15.84],
			"translation": [2.75, -1, 2.25],
			"scale": [1.02, 1, 1]
		},
		"firstperson_lefthand": {
			"rotation": [-27.83, -22.41, 15.84],
			"translation": [2.75, -1, 2.25],
			"scale": [1.02, 1, 1]
		},
		"ground": {
			"translation": [-0.5, 9.5, 1],
			"scale": [1.5, 1.5, 1.5]
		},
		"gui": {
			"rotation": [2.25, -86, 0],
			"translation": [0, -0.25, 0]
		},
		"head": {
			"rotation": [1, 0, 0],
			"translation": [2.25, 12.25, 1.25],
			"scale": [0.6, 0.6, 0.6]
		},
		"fixed": {
			"rotation": [1.02, 89, 0.21],
			"translation": [2.25, 2.5, -1.25],
			"scale": [1.7, 1.7, 1.7]
		}
	},
	"groups": [
		{
			"name": "Everything",
			"origin": [8, 8, 8],
			"color": 0,
			"children": [
				{
					"name": "Staff",
					"origin": [8, 8, 8],
					"color": 0,
					"children": [0, 1, 2, 3, 4, 5]
				},
				{
					"name": "salmon",
					"origin": [8, 8, 8],
					"color": 0,
					"children": [6, 7, 8, 9, 10, 11, 12, 13, 14, 15, 16, 17, 18]
				}
			]
		}
	]
}