{
	"credit": "Made with Blockbench",
	"textures": {
		"0": "model_textures/evoker_fangs",
		"1": "model_textures/wood_brown",
		"particle": "model_textures/evoker_fangs"
	},
	"elements": [
		{
			"name": "Main staff",
			"from": [7, 0, 6],
			"to": [9, 16, 8],
			"faces": {
				"north": {"uv": [6, 0, 8, 16], "texture": "#1"},
				"east": {"uv": [6, 0, 8, 16], "texture": "#1"},
				"south": {"uv": [6, 0, 8, 16], "texture": "#1"},
				"west": {"uv": [6, 0, 8, 16], "texture": "#1"},
				"up": {"uv": [6, 0, 8, 16], "texture": "#1"},
				"down": {"uv": [6, 0, 8, 16], "texture": "#1"}
			}
		},
		{
			"name": "bit 1",
			"from": [6, 14.3, 6.2],
			"to": [7, 16, 7.7],
			"faces": {
				"north": {"uv": [0, 0, 1.3, 1.7], "texture": "#1"},
				"east": {"uv": [0, 0, 1.3, 1.7], "texture": "#1"},
				"south": {"uv": [0, 0, 1.3, 1.7], "texture": "#1"},
				"west": {"uv": [0, 0, 1.3, 1.7], "texture": "#1"},
				"up": {"uv": [0, 0, 1.3, 1.7], "texture": "#1"},
				"down": {"uv": [0, 0, 1.3, 1.7], "texture": "#1"}
			}
		},
		{
			"name": "bit 2",
			"from": [8.1, 7.6, 5],
			"to": [10, 16, 6.6],
			"faces": {
				"north": {"uv": [0, 0, 1.9, 8.4], "texture": "#1"},
				"east": {"uv": [0, 0, 1.9, 8.4], "texture": "#1"},
				"south": {"uv": [0, 0, 1.9, 8.4], "texture": "#1"},
				"west": {"uv": [0, 0, 1.9, 8.4], "texture": "#1"},
				"up": {"uv": [0, 0, 1.9, 8.4], "texture": "#1"},
				"down": {"uv": [0, 0, 1.9, 8.4], "texture": "#1"}
			}
		},
		{
			"name": "bit 3",
			"from": [5.1, 15.7, 8],
			"to": [8, 16, 9],
			"faces": {
				"north": {"uv": [0, 0, 2.9, 0.3], "texture": "#1"},
				"east": {"uv": [0, 0, 2.9, 0.3], "texture": "#1"},
				"south": {"uv": [0, 0, 2.9, 0.3], "texture": "#1"},
				"west": {"uv": [0, 0, 2.9, 0.3], "texture": "#1"},
				"up": {"uv": [0, 0, 2.9, 0.3], "texture": "#1"},
				"down": {"uv": [0, 0, 2.9, 0.3], "texture": "#1"}
			}
		},
		{
			"name": "bit 2 bit",
			"from": [8, 7.3, 5.4],
			"to": [9, 7.7, 6],
			"faces": {
				"north": {"uv": [0, 0, 1, 0.4], "texture": "#1"},
				"east": {"uv": [0, 0, 1, 0.4], "texture": "#1"},
				"south": {"uv": [0, 0, 1, 0.4], "texture": "#1"},
				"west": {"uv": [0, 0, 1, 0.4], "texture": "#1"},
				"up": {"uv": [0, 0, 1, 0.4], "texture": "#1"},
				"down": {"uv": [0, 0, 1, 0.4], "texture": "#1"}
			}
		},
		{
			"name": "bit 4",
			"from": [6.5, -0.3, 6.9],
			"to": [7.5, 0.4, 8.4],
			"faces": {
				"north": {"uv": [0, 0, 1, 0.7], "texture": "#1"},
				"east": {"uv": [0, 0, 1, 0.7], "texture": "#1"},
				"south": {"uv": [0, 0, 1, 0.7], "texture": "#1"},
				"west": {"uv": [0, 0, 1, 0.7], "texture": "#1"},
				"up": {"uv": [0, 0, 1, 0.7], "texture": "#1"},
				"down": {"uv": [0, 0, 1, 0.7], "texture": "#1"}
			}
		},
		{
			"name": "base",
			"from": [5, 16, 4],
			"to": [11, 22, 9.9],
			"rotation": {"angle": 0, "axis": "y", "origin": [0, 16, 0]},
			"faces": {
				"north": {"uv": [2.5, 5, 5, 10.9], "texture": "#0"},
				"east": {"uv": [2.5, 5, 5, 10.9], "texture": "#0"},
				"south": {"uv": [2.5, 5, 5, 10.9], "texture": "#0"},
				"west": {"uv": [2.5, 5, 5, 10.9], "texture": "#0"},
				"up": {"uv": [2.5, 5, 5, 10.9], "texture": "#0"},
				"down": {"uv": [2.5, 5, 5, 10.9], "texture": "#0"}
			}
		},
		{
			"from": [5, 26, 5],
			"to": [5.5, 27, 9],
			"rotation": {"angle": -22.5, "axis": "z", "origin": [0, 16, 0]},
			"faces": {
				"north": {"uv": [12.5, 4.5, 12.75, 6], "texture": "#0"},
				"east": {"uv": [12.5, 4.5, 12.75, 6], "texture": "#0"},
				"south": {"uv": [12.5, 4.5, 12.75, 6], "texture": "#0"},
				"west": {"uv": [12.5, 4.5, 12.75, 6], "texture": "#0"},
				"up": {"uv": [12.5, 4.5, 12.75, 6], "texture": "#0"},
				"down": {"uv": [12.5, 4.5, 12.75, 6], "texture": "#0"}
			}
		},
		{
			"from": [5.5, 25.5, 5],
			"to": [6, 27.5, 9],
			"rotation": {"angle": -22.5, "axis": "z", "origin": [0, 16, 0]},
			"faces": {
				"north": {"uv": [13.5, 1, 14, 4], "texture": "#0"},
				"east": {"uv": [13.5, 1, 14, 4], "texture": "#0"},
				"south": {"uv": [13.5, 1, 14, 4], "texture": "#0"},
				"west": {"uv": [13.5, 1, 14, 4], "texture": "#0"},
				"up": {"uv": [13.5, 1, 14, 4], "texture": "#0"},
				"down": {"uv": [13.5, 1, 14, 4], "texture": "#0"}
			}
		},
		{
			"name": "side_1",
			"from": [6, 25, 5],
			"to": [7, 32, 9],
			"rotation": {"angle": -22.5, "axis": "z", "origin": [0, 16, 0]},
			"faces": {
				"north": {"uv": [13, 4, 15, 11], "texture": "#0"},
				"east": {"uv": [13, 4, 15, 11], "texture": "#0"},
				"south": {"uv": [13, 4, 15, 11], "texture": "#0"},
				"west": {"uv": [13, 4, 15, 11], "texture": "#0"},
				"up": {"uv": [13, 4, 15, 11], "texture": "#0"},
				"down": {"uv": [13, 4, 15, 11], "texture": "#0"}
			}
		},
		{
			"from": [5.5, 28, 5],
			"to": [6, 30, 9],
			"rotation": {"angle": -22.5, "axis": "z", "origin": [0, 16, 0]},
			"faces": {
				"north": {"uv": [13.5, 0, 14, 4], "texture": "#0"},
				"east": {"uv": [13.5, 0, 14, 4], "texture": "#0"},
				"south": {"uv": [13.5, 0, 14, 4], "texture": "#0"},
				"west": {"uv": [13.5, 0, 14, 4], "texture": "#0"},
				"up": {"uv": [13.5, 0, 14, 4], "texture": "#0"},
				"down": {"uv": [13.5, 0, 14, 4], "texture": "#0"}
			}
		},
		{
			"from": [5, 28.7, 5],
			"to": [5.5, 29.4, 9],
			"rotation": {"angle": -22.5, "axis": "z", "origin": [0, 16, 0]},
			"faces": {
				"north": {"uv": [12.5, 4.5, 12.75, 6], "texture": "#0"},
				"east": {"uv": [12.5, 4.5, 12.75, 6], "texture": "#0"},
				"south": {"uv": [12.5, 4.5, 12.75, 6], "texture": "#0"},
				"west": {"uv": [12.5, 4.5, 12.75, 6], "texture": "#0"},
				"up": {"uv": [12.5, 4.5, 12.75, 6], "texture": "#0"},
				"down": {"uv": [12.5, 4.5, 12.75, 6], "texture": "#0"}
			}
		},
		{
			"from": [5.5, 31, 7.5],
			"to": [6, 32, 9],
			"rotation": {"angle": -22.5, "axis": "z", "origin": [0, 16, 0]},
			"faces": {
				"north": {"uv": [13.5, 2.25, 14, 4], "texture": "#0"},
				"east": {"uv": [13.5, 2.25, 14, 4], "texture": "#0"},
				"south": {"uv": [13.5, 2.25, 14, 4], "texture": "#0"},
				"west": {"uv": [13.5, 2.25, 14, 4], "texture": "#0"},
				"up": {"uv": [13.5, 2.25, 14, 4], "texture": "#0"},
				"down": {"uv": [13.5, 2.25, 14, 4], "texture": "#0"}
			}
		},
		{
			"from": [5, 31, 7.8],
			"to": [5.5, 32, 8.7],
			"rotation": {"angle": -22.5, "axis": "z", "origin": [0, 16, 0]},
			"faces": {
				"north": {"uv": [12.25, 4.5, 12.8, 5.5], "texture": "#0"},
				"east": {"uv": [12.25, 4.5, 12.8, 5.5], "texture": "#0"},
				"south": {"uv": [12.25, 4.5, 12.8, 5.5], "texture": "#0"},
				"west": {"uv": [12.25, 4.5, 12.8, 5.5], "texture": "#0"},
				"up": {"uv": [12.25, 4.5, 12.8, 5.5], "texture": "#0"},
				"down": {"uv": [12.25, 4.5, 12.8, 5.5], "texture": "#0"}
			}
		},
		{
			"from": [5.5, 31, 4.9],
			"to": [6, 32, 6.4],
			"rotation": {"angle": -22.5, "axis": "z", "origin": [0, 16, 0]},
			"faces": {
				"north": {"uv": [13.5, 0.75, 14, 4], "texture": "#0"},
				"east": {"uv": [13.5, 0.75, 14, 4], "texture": "#0"},
				"south": {"uv": [13.5, 0.75, 14, 4], "texture": "#0"},
				"west": {"uv": [13.5, 0.75, 14, 4], "texture": "#0"},
				"up": {"uv": [13.5, 0.75, 14, 4], "texture": "#0"},
				"down": {"uv": [13.5, 0.75, 14, 4], "texture": "#0"}
			}
		},
		{
			"from": [5, 31, 5.2],
			"to": [5.5, 32, 6],
			"rotation": {"angle": -22.5, "axis": "z", "origin": [0, 16, 0]},
			"faces": {
				"north": {"uv": [12.25, 4.5, 12.8, 5.5], "texture": "#0"},
				"east": {"uv": [12.25, 4.5, 12.8, 5.5], "texture": "#0"},
				"south": {"uv": [12.25, 4.5, 12.8, 5.5], "texture": "#0"},
				"west": {"uv": [12.25, 4.5, 12.8, 5.5], "texture": "#0"},
				"up": {"uv": [12.25, 4.5, 12.8, 5.5], "texture": "#0"},
				"down": {"uv": [12.25, 4.5, 12.8, 5.5], "texture": "#0"}
			}
		},
		{
			"from": [9.5, 20, 5],
			"to": [10, 21, 9],
			"rotation": {"angle": 22.5, "axis": "z", "origin": [0, 16, 0]},
			"faces": {
				"north": {"uv": [12.5, 4.5, 12.75, 6], "texture": "#0"},
				"east": {"uv": [12.5, 4.5, 12.75, 6], "texture": "#0"},
				"south": {"uv": [12.5, 4.5, 12.75, 6], "texture": "#0"},
				"west": {"uv": [12.5, 4.5, 12.75, 6], "texture": "#0"},
				"up": {"uv": [12.5, 4.5, 12.75, 6], "rotation": 180, "texture": "#0"},
				"down": {"uv": [12.5, 4.5, 12.75, 6], "rotation": 180, "texture": "#0"}
			}
		},
		{
			"from": [9, 19.5, 5],
			"to": [9.5, 21.5, 9],
			"rotation": {"angle": 22.5, "axis": "z", "origin": [0, 16, 0]},
			"faces": {
				"north": {"uv": [13.5, 1, 14, 4], "texture": "#0"},
				"east": {"uv": [13.5, 1, 14, 4], "texture": "#0"},
				"south": {"uv": [13.5, 1, 14, 4], "texture": "#0"},
				"west": {"uv": [13.5, 1, 14, 4], "texture": "#0"},
				"up": {"uv": [13.5, 1, 14, 4], "rotation": 180, "texture": "#0"},
				"down": {"uv": [13.5, 1, 14, 4], "rotation": 180, "texture": "#0"}
			}
		},
		{
			"name": "side_2",
			"from": [8, 19, 5],
			"to": [9, 26, 9],
			"rotation": {"angle": 22.5, "axis": "z", "origin": [0, 16, 0]},
			"faces": {
				"north": {"uv": [13, 4, 15, 11], "texture": "#0"},
				"east": {"uv": [13, 4, 15, 11], "texture": "#0"},
				"south": {"uv": [13, 4, 15, 11], "texture": "#0"},
				"west": {"uv": [13, 4, 15, 11], "texture": "#0"},
				"up": {"uv": [13, 4, 15, 11], "texture": "#0"},
				"down": {"uv": [13, 4, 15, 11], "texture": "#0"}
			}
		},
		{
			"from": [9, 22, 5],
			"to": [9.5, 24, 9],
			"rotation": {"angle": 22.5, "axis": "z", "origin": [0, 16, 0]},
			"faces": {
				"north": {"uv": [13.5, 0, 14, 4], "texture": "#0"},
				"east": {"uv": [13.5, 0, 14, 4], "texture": "#0"},
				"south": {"uv": [13.5, 0, 14, 4], "texture": "#0"},
				"west": {"uv": [13.5, 0, 14, 4], "texture": "#0"},
				"up": {"uv": [13.5, 0, 14, 4], "rotation": 180, "texture": "#0"},
				"down": {"uv": [13.5, 0, 14, 4], "rotation": 180, "texture": "#0"}
			}
		},
		{
			"from": [9.5, 22.7, 5],
			"to": [10, 23.4, 9],
			"rotation": {"angle": 22.5, "axis": "z", "origin": [0, 16, 0]},
			"faces": {
				"north": {"uv": [12.5, 4.5, 12.75, 6], "texture": "#0"},
				"east": {"uv": [12.5, 4.5, 12.75, 6], "texture": "#0"},
				"south": {"uv": [12.5, 4.5, 12.75, 6], "texture": "#0"},
				"west": {"uv": [12.5, 4.5, 12.75, 6], "texture": "#0"},
				"up": {"uv": [12.5, 4.5, 12.75, 6], "rotation": 180, "texture": "#0"},
				"down": {"uv": [12.5, 4.5, 12.75, 6], "rotation": 180, "texture": "#0"}
			}
		},
		{
			"from": [9, 25, 4.9],
			"to": [9.5, 26, 6.4],
			"rotation": {"angle": 22.5, "axis": "z", "origin": [0, 16, 0]},
			"faces": {
				"north": {"uv": [13.5, 0.75, 14, 4], "rotation": 180, "texture": "#0"},
				"east": {"uv": [13.5, 0.75, 14, 4], "rotation": 180, "texture": "#0"},
				"south": {"uv": [13.5, 0.75, 14, 4], "rotation": 180, "texture": "#0"},
				"west": {"uv": [13.5, 0.75, 14, 4], "rotation": 180, "texture": "#0"},
				"up": {"uv": [13.5, 0.75, 14, 4], "rotation": 180, "texture": "#0"},
				"down": {"uv": [13.5, 0.75, 14, 4], "rotation": 180, "texture": "#0"}
			}
		},
		{
			"from": [9.5, 25, 5.2],
			"to": [10, 26, 6],
			"rotation": {"angle": 22.5, "axis": "z", "origin": [0, 16, 0]},
			"faces": {
				"north": {"uv": [12.25, 4.5, 12.8, 5.5], "rotation": 180, "texture": "#0"},
				"east": {"uv": [12.25, 4.5, 12.8, 5.5], "rotation": 180, "texture": "#0"},
				"south": {"uv": [12.25, 4.5, 12.8, 5.5], "rotation": 180, "texture": "#0"},
				"west": {"uv": [12.25, 4.5, 12.8, 5.5], "rotation": 180, "texture": "#0"},
				"up": {"uv": [12.25, 4.5, 12.8, 5.5], "rotation": 180, "texture": "#0"},
				"down": {"uv": [12.25, 4.5, 12.8, 5.5], "rotation": 180, "texture": "#0"}
			}
		},
		{
			"from": [9, 25, 7.5],
			"to": [9.5, 26, 9],
			"rotation": {"angle": 22.5, "axis": "z", "origin": [0, 16, 0]},
			"faces": {
				"north": {"uv": [13.5, 2.25, 14, 4], "rotation": 180, "texture": "#0"},
				"east": {"uv": [13.5, 2.25, 14, 4], "rotation": 180, "texture": "#0"},
				"south": {"uv": [13.5, 2.25, 14, 4], "rotation": 180, "texture": "#0"},
				"west": {"uv": [13.5, 2.25, 14, 4], "rotation": 180, "texture": "#0"},
				"up": {"uv": [13.5, 2.25, 14, 4], "rotation": 180, "texture": "#0"},
				"down": {"uv": [13.5, 2.25, 14, 4], "rotation": 180, "texture": "#0"}
			}
		},
		{
			"from": [9.5, 25, 7.8],
			"to": [10, 26, 8.7],
			"rotation": {"angle": 22.5, "axis": "z", "origin": [0, 16, 0]},
			"faces": {
				"north": {"uv": [12.25, 4.5, 12.8, 5.5], "rotation": 180, "texture": "#0"},
				"east": {"uv": [12.25, 4.5, 12.8, 5.5], "rotation": 180, "texture": "#0"},
				"south": {"uv": [12.25, 4.5, 12.8, 5.5], "rotation": 180, "texture": "#0"},
				"west": {"uv": [12.25, 4.5, 12.8, 5.5], "rotation": 180, "texture": "#0"},
				"up": {"uv": [12.25, 4.5, 12.8, 5.5], "rotation": 180, "texture": "#0"},
				"down": {"uv": [12.25, 4.5, 12.8, 5.5], "rotation": 180, "texture": "#0"}
			}
		}
	],
	"display": {
		"thirdperson_righthand": {
			"rotation": [64, 0, 0],
			"translation": [0.75, -0.5, 0.5],
			"scale": [0.8, 0.8, 0.8]
		},
		"thirdperson_lefthand": {
			"rotation": [64, 3, 0],
			"translation": [0.75, -0.5, 0.5],
			"scale": [0.8, 0.8, 0.8]
		},
		"firstperson_righthand": {
			"rotation": [-28, 21, 0],
			"translation": [1, -1, 1.75],
			"scale": [1.01, 1, 1]
		},
		"firstperson_lefthand": {
			"rotation": [-28, -21, -1],
			"translation": [1.25, -1, 1.75],
			"scale": [1.02, 1, 1]
		},
		"ground": {
			"translation": [0, 3, 1.25]
		},
		"gui": {
			"translation": [0, -3.75, 0],
			"scale": [0.9, 0.78672, 0]
		},
		"head": {
			"rotation": [1, 0, 0],
			"translation": [2.25, 12.25, 1.25],
			"scale": [0.6, 0.6, 0.6]
		},
		"fixed": {
			"rotation": [-38, 0, 0],
			"translation": [0, -1.5, -0.75],
			"scale": [0.8, 0.8, 0.8]
		}
	},
	"groups": [
		{
			"name": "Everything",
			"origin": [8, 8, 8],
			"color": 0,
			"nbt": "{}",
			"armAnimationEnabled": false,
			"children": [
				{
					"name": "Staff",
					"origin": [8, 8, 8],
					"color": 0,
					"nbt": "{}",
					"armAnimationEnabled": false,
					"children": [0, 1, 2, 3, 4, 5]
				},
				{
					"name": "Fang",
					"origin": [0, 0, 0],
					"color": 0,
					"nbt": "{}",
					"armAnimationEnabled": false,
					"children": [
						6,
						{
							"name": "Fang 1",
							"origin": [0, 0, 0],
							"color": 0,
							"nbt": "{}",
							"armAnimationEnabled": false,
							"children": [
								{
									"name": "teeth_1",
									"origin": [8, 8, 8],
									"color": 0,
									"nbt": "{}",
									"armAnimationEnabled": false,
									"children": [
										{
											"name": "1",
											"origin": [8, 8, 8],
											"color": 0,
											"nbt": "{}",
											"armAnimationEnabled": false,
											"children": [7, 8]
										},
										9,
										{
											"name": "2",
											"origin": [8, 8, 8],
											"color": 0,
											"nbt": "{}",
											"armAnimationEnabled": false,
											"children": [10, 11]
										},
										{
											"name": "3",
											"origin": [8, 8, 8],
											"color": 0,
											"nbt": "{}",
											"armAnimationEnabled": false,
											"children": [12, 13]
										},
										{
											"name": "4",
											"origin": [8, 8, 8],
											"color": 0,
											"nbt": "{}",
											"armAnimationEnabled": false,
											"children": [14, 15]
										}
									]
								}
							]
						},
						{
							"name": "Fang 2",
							"origin": [0, 0, 0],
							"color": 0,
							"nbt": "{}",
							"armAnimationEnabled": false,
							"children": [
								{
									"name": "teeth_2",
									"origin": [0, 0, 0],
									"color": 0,
									"nbt": "{}",
									"armAnimationEnabled": false,
									"children": [
										{
											"name": "1",
											"origin": [8, 8, 8],
											"color": 0,
											"nbt": "{}",
											"armAnimationEnabled": false,
											"children": [16, 17]
										},
										18,
										{
											"name": "2",
											"origin": [8, 8, 8],
											"color": 0,
											"nbt": "{}",
											"armAnimationEnabled": false,
											"children": [19, 20]
										},
										{
											"name": "4",
											"origin": [8, 8, 8],
											"color": 0,
											"nbt": "{}",
											"armAnimationEnabled": false,
											"children": [21, 22]
										},
										{
											"name": "3",
											"origin": [8, 8, 8],
											"color": 0,
											"nbt": "{}",
											"armAnimationEnabled": false,
											"children": [23, 24]
										}
									]
								}
							]
						}
					]
				}
			]
		}
	]
}