{
	"credit": "Made with Blockbench",
	"textures": {
		"0": "model_textures/yellow",
		"1": "model_textures/grey",
		"2": "model_textures/light",
		"3": "model_textures/miner",
		"particle": "model_textures/yellow"
	},
	"elements": [
		{
			"from": [2, 27, 4],
			"to": [14, 31, 12],
			"faces": {
				"north": {"uv": [0, 2, 8, 6], "texture": "#0"},
				"east": {"uv": [0, 2, 8, 6], "texture": "#0"},
				"south": {"uv": [0, 2, 8, 6], "texture": "#0"},
				"west": {"uv": [0, 2, 8, 6], "texture": "#0"},
				"up": {"uv": [0, 0, 7, 1], "rotation": 90, "texture": "#0"},
				"down": {"uv": [0, 2, 8, 6], "rotation": 270, "texture": "#0"}
			}
		},
		{
			"from": [5, 28, 3],
			"to": [11, 32, 13],
			"faces": {
				"north": {"uv": [0, 1, 8, 6], "texture": "#0"},
				"east": {"uv": [0, 1, 8, 6], "texture": "#0"},
				"south": {"uv": [0, 1, 8, 6], "texture": "#0"},
				"west": {"uv": [0, 1, 8, 6], "texture": "#0"},
				"up": {"uv": [0, 1, 7, 2.5], "rotation": 90, "texture": "#0"},
				"down": {"uv": [0, 6.5, 3, 7.5], "rotation": 270, "texture": "#0"}
			}
		},
		{
			"from": [4, 26, 0],
			"to": [12, 28, 13],
			"faces": {
				"north": {"uv": [4, 2, 8, 9], "texture": "#1"},
				"east": {"uv": [4, 2, 8, 9], "texture": "#1"},
				"south": {"uv": [4, 2, 8, 9], "texture": "#1"},
				"west": {"uv": [4, 2, 8, 9], "texture": "#1"},
				"up": {"uv": [4, 2, 2, 1], "rotation": 90, "texture": "#1"},
				"down": {"uv": [4, 8, 3, 9], "rotation": 270, "texture": "#1"}
			}
		},
		{
			"from": [1, 25, 0],
			"to": [15, 27, 13],
			"faces": {
				"north": {"uv": [4, 2, 8, 9], "texture": "#1"},
				"east": {"uv": [4, 2, 8, 9], "texture": "#1"},
				"south": {"uv": [4, 2, 8, 9], "texture": "#1"},
				"west": {"uv": [4, 2, 8, 9], "texture": "#1"},
				"up": {"uv": [4, 2, 2, 1], "rotation": 90, "texture": "#1"},
				"down": {"uv": [4, 8, 3, 9], "rotation": 270, "texture": "#1"}
			}
		},
		{
			"from": [7, 29, 2],
			"to": [9, 31, 3],
			"faces": {
				"north": {"uv": [0, 2, 2, 4], "texture": "#2"},
				"east": {"uv": [0, 2, 2, 4], "texture": "#2"},
				"south": {"uv": [0, 2, 2, 4], "texture": "#2"},
				"west": {"uv": [0, 2, 2, 4], "texture": "#2"},
				"up": {"uv": [0, 2, 2, 4], "rotation": 90, "texture": "#2"},
				"down": {"uv": [0, 2, 2, 4], "rotation": 270, "texture": "#2"}
			}
		},
		{
			"from": [6.5, 28.5, 2.5],
			"to": [9.5, 31.5, 3],
			"faces": {
				"north": {"uv": [4, 8, 5, 9], "texture": "#1"},
				"east": {"uv": [4, 8, 5, 9], "texture": "#1"},
				"south": {"uv": [4, 8, 5, 9], "texture": "#1"},
				"west": {"uv": [4, 8, 5, 9], "texture": "#1"},
				"up": {"uv": [4, 8, 5, 9], "rotation": 90, "texture": "#1"},
				"down": {"uv": [4, 8, 5, 9], "rotation": 270, "texture": "#1"}
			}
		},
		{
			"name": "head",
			"from": [4, 20.5, 4],
			"to": [12, 28.5, 12],
			"faces": {
				"north": {"uv": [2, 2, 4, 4], "texture": "#3"},
				"east": {"uv": [0, 2, 2, 4], "texture": "#3"},
				"south": {"uv": [6, 2, 8, 4], "texture": "#3"},
				"west": {"uv": [4, 2, 6, 4], "texture": "#3"},
				"up": {"uv": [4, 2, 2, 0], "texture": "#3"},
				"down": {"uv": [6, 0, 4, 2], "texture": "#3"}
			}
		},
		{
			"name": "body",
			"from": [4, 8.5, 6],
			"to": [12, 20.5, 10],
			"faces": {
				"north": {"uv": [5, 5, 7, 7.98], "texture": "#3"},
				"east": {"uv": [4, 5, 5, 8], "texture": "#missing"},
				"south": {"uv": [8, 5, 10, 8], "texture": "#3"},
				"west": {"uv": [7, 5, 8, 7.98], "texture": "#missing"},
				"up": {"uv": [7, 5, 5, 4], "texture": "#missing"},
				"down": {"uv": [9, 4, 7, 5], "texture": "#missing"}
			}
		},
		{
			"name": "right_arm",
			"from": [12, 8.5, 6],
			"to": [16, 20.5, 10],
			"faces": {
				"north": {"uv": [11, 5, 12, 8], "texture": "#3"},
				"east": {"uv": [10, 5, 11, 8], "texture": "#3"},
				"south": {"uv": [13, 5, 14, 8], "texture": "#3"},
				"west": {"uv": [12, 5, 13, 8], "texture": "#missing"},
				"up": {"uv": [12, 5, 11, 4], "texture": "#3"},
				"down": {"uv": [13, 4, 12, 5], "texture": "#3"}
			}
		},
		{
			"name": "left_arm",
			"from": [0, 8.5, 6],
			"to": [4, 20.5, 10],
			"faces": {
				"north": {"uv": [9, 13, 10, 16], "texture": "#3"},
				"east": {"uv": [8, 13, 9, 16], "texture": "#missing"},
				"south": {"uv": [11, 13, 12, 16], "texture": "#3"},
				"west": {"uv": [10, 13, 11, 16], "texture": "#3"},
				"up": {"uv": [10, 13, 9, 12], "texture": "#3"},
				"down": {"uv": [11, 12, 10, 13], "texture": "#3"}
			}
		},
		{
			"name": "right_leg",
			"from": [8, -3.5, 6],
			"to": [12, 8.5, 10],
			"faces": {
				"north": {"uv": [1, 5, 2, 8], "texture": "#3"},
				"east": {"uv": [0, 5, 1, 8], "texture": "#3"},
				"south": {"uv": [3, 5, 4, 8], "texture": "#3"},
				"west": {"uv": [2, 5, 3, 8], "texture": "#missing"},
				"up": {"uv": [2, 5, 1, 4], "texture": "#missing"},
				"down": {"uv": [3, 4, 2, 5], "texture": "#3"}
			}
		},
		{
			"name": "left_leg",
			"from": [4, -3.5, 6],
			"to": [8, 8.5, 10],
			"faces": {
				"north": {"uv": [5, 13, 6, 16], "texture": "#3"},
				"east": {"uv": [4, 13, 5, 16], "texture": "#missing"},
				"south": {"uv": [7, 13, 8, 16], "texture": "#3"},
				"west": {"uv": [6, 13, 7, 16], "texture": "#3"},
				"up": {"uv": [6, 13, 5, 12], "texture": "#missing"},
				"down": {"uv": [7, 12, 6, 13], "texture": "#3"}
			}
		}
	],
	"display": {
		"thirdperson_righthand": {
			"rotation": [0, 1, 0]
		},
		"ground": {
			"translation": [0.5, 13, 0]
		},
		"gui": {
			"rotation": [0, -180, 0]
		},
		"head": {
			"rotation": [0, 0, 1],
			"translation": [0, -27, -0.5],
			"scale": [1.66, 1.59984, 2.20703]
		}
	},
	"groups": [
		{
			"name": "everything",
			"origin": [8, 8, 8],
			"color": 0,
			"nbt": "{}",
			"armAnimationEnabled": false,
			"children": [
				{
					"name": "Helm",
					"origin": [0, 0, 0],
					"color": 0,
					"nbt": "{}",
					"armAnimationEnabled": false,
					"children": [
						0,
						1,
						2,
						3,
						{
							"name": "light",
							"origin": [0, 0, 0],
							"color": 0,
							"nbt": "{}",
							"armAnimationEnabled": false,
							"children": [4, 5]
						}
					]
				},
				{
					"name": "miner",
					"origin": [8, 8, 8],
					"color": 0,
					"nbt": "{}",
					"armAnimationEnabled": false,
					"children": [6, 7, 8, 9, 10, 11]
				}
			]
		}
	]
}