{
	"credit": "Made with Blockbench",
	"textures": {
		"0": "model_textures/clearish_purple",
		"1": "model_textures/end_stone",
		"2": "model_textures/wood_brown",
		"particle": "model_textures/clearish_purple"
	},
	"elements": [
		{
			"name": "Main staff",
			"from": [7, 0, 6],
			"to": [9, 16, 8],
			"faces": {
				"north": {"uv": [6, 0, 8, 16], "texture": "#2"},
				"east": {"uv": [6, 0, 8, 16], "texture": "#2"},
				"south": {"uv": [6, 0, 8, 16], "texture": "#2"},
				"west": {"uv": [6, 0, 8, 16], "texture": "#2"},
				"up": {"uv": [6, 0, 8, 16], "texture": "#2"},
				"down": {"uv": [6, 0, 8, 16], "texture": "#2"}
			}
		},
		{
			"name": "bit 1",
			"from": [6, 14.3, 6.2],
			"to": [7, 16, 7.7],
			"faces": {
				"north": {"uv": [0, 0, 1.3, 1.7], "texture": "#2"},
				"east": {"uv": [0, 0, 1.3, 1.7], "texture": "#2"},
				"south": {"uv": [0, 0, 1.3, 1.7], "texture": "#2"},
				"west": {"uv": [0, 0, 1.3, 1.7], "texture": "#2"},
				"up": {"uv": [0, 0, 1.3, 1.7], "texture": "#2"},
				"down": {"uv": [0, 0, 1.3, 1.7], "texture": "#2"}
			}
		},
		{
			"name": "bit 2",
			"from": [8.1, 8.9, 5.7],
			"to": [9.5, 16, 6.3],
			"faces": {
				"north": {"uv": [0, 0, 1.9, 8.4], "texture": "#2"},
				"east": {"uv": [0, 0, 1.9, 8.4], "texture": "#2"},
				"south": {"uv": [0, 0, 1.9, 8.4], "texture": "#2"},
				"west": {"uv": [0, 0, 1.9, 8.4], "texture": "#2"},
				"up": {"uv": [0, 0, 1.9, 8.4], "texture": "#2"},
				"down": {"uv": [0, 0, 1.9, 8.4], "texture": "#2"}
			}
		},
		{
			"name": "bit 3",
			"from": [8.1, 15.7, 7],
			"to": [9.1, 16, 8.4],
			"faces": {
				"north": {"uv": [0, 0, 2.9, 0.3], "texture": "#2"},
				"east": {"uv": [0, 0, 2.9, 0.3], "texture": "#2"},
				"south": {"uv": [0, 0, 2.9, 0.3], "texture": "#2"},
				"west": {"uv": [0, 0, 2.9, 0.3], "texture": "#2"},
				"up": {"uv": [0, 0, 2.9, 0.3], "texture": "#2"},
				"down": {"uv": [0, 0, 2.9, 0.3], "texture": "#2"}
			}
		},
		{
			"name": "bit 2 bit",
			"from": [8, 8.8, 5.4],
			"to": [9, 9.2, 6],
			"faces": {
				"north": {"uv": [0, 0, 1, 0.4], "texture": "#2"},
				"east": {"uv": [0, 0, 1, 0.4], "texture": "#2"},
				"south": {"uv": [0, 0, 1, 0.4], "texture": "#2"},
				"west": {"uv": [0, 0, 1, 0.4], "texture": "#2"},
				"up": {"uv": [0, 0, 1, 0.4], "texture": "#2"},
				"down": {"uv": [0, 0, 1, 0.4], "texture": "#2"}
			}
		},
		{
			"name": "bit 4",
			"from": [6.5, -0.1, 5.9],
			"to": [8.9, 0.4, 7.8],
			"faces": {
				"north": {"uv": [0, 0, 1, 0.7], "texture": "#2"},
				"east": {"uv": [0, 0, 1, 0.7], "texture": "#2"},
				"south": {"uv": [0, 0, 1, 0.7], "texture": "#2"},
				"west": {"uv": [0, 0, 1, 0.7], "texture": "#2"},
				"up": {"uv": [0, 0, 1, 0.7], "texture": "#2"},
				"down": {"uv": [0, 0, 1, 0.7], "texture": "#2"}
			}
		},
		{
			"from": [6.5, 16, 5.5],
			"to": [9.5, 18, 8.5],
			"faces": {
				"north": {"uv": [0, 2, 15, 12], "texture": "#1"},
				"east": {"uv": [0, 2, 15, 12], "texture": "#1"},
				"south": {"uv": [0, 2, 15, 12], "texture": "#1"},
				"west": {"uv": [0, 2, 15, 12], "texture": "#1"},
				"up": {"uv": [0, 2, 15, 12], "texture": "#1"},
				"down": {"uv": [0, 2, 15, 12], "texture": "#1"}
			}
		},
		{
			"from": [7, 16.1, 6],
			"to": [9, 19.1, 8],
			"faces": {
				"north": {"uv": [0, 0, 2, 3], "texture": "#0"},
				"east": {"uv": [0, 0, 2, 3], "texture": "#0"},
				"south": {"uv": [0, 0, 2, 3], "texture": "#0"},
				"west": {"uv": [0, 0, 2, 3], "texture": "#0"},
				"up": {"uv": [0, 0, 2, 3], "texture": "#0"},
				"down": {"uv": [0, 0, 2, 3], "texture": "#0"}
			}
		},
		{
			"from": [6.9, 17.6, 5.9],
			"to": [9.1, 18.6, 8.1],
			"faces": {
				"north": {"uv": [2, 3, 4, 4], "texture": "#0"},
				"east": {"uv": [2, 3, 4, 4], "texture": "#0"},
				"south": {"uv": [2, 3, 4, 4], "texture": "#0"},
				"west": {"uv": [2, 3, 4, 4], "texture": "#0"},
				"up": {"uv": [2, 3, 4, 4], "texture": "#0"},
				"down": {"uv": [2, 3, 4, 4], "texture": "#0"}
			}
		},
		{
			"from": [7.1, 18.9, 6.1],
			"to": [8.9, 19.4, 7.9],
			"faces": {
				"north": {"uv": [0, 0, 1.8, 1], "texture": "#0"},
				"east": {"uv": [0, 0, 1.8, 1], "texture": "#0"},
				"south": {"uv": [0, 0, 1.8, 1], "texture": "#0"},
				"west": {"uv": [0, 0, 1.8, 1], "texture": "#0"},
				"up": {"uv": [0, 0, 1.8, 1], "texture": "#0"},
				"down": {"uv": [0, 0, 1.8, 1], "texture": "#0"}
			}
		},
		{
			"from": [7.4, 19.1, 6.2],
			"to": [8.7, 19.5, 7.8],
			"faces": {
				"north": {"uv": [0, 0, 1.6, 0.4], "texture": "#0"},
				"east": {"uv": [0, 0, 1.6, 0.4], "texture": "#0"},
				"south": {"uv": [0, 0, 1.6, 0.4], "texture": "#0"},
				"west": {"uv": [0, 0, 1.6, 0.4], "texture": "#0"},
				"up": {"uv": [0, 0, 1.6, 0.4], "texture": "#0"},
				"down": {"uv": [0, 0, 1.6, 0.4], "texture": "#0"}
			}
		},
		{
			"from": [7.7, 19.5, 6.5],
			"to": [8.3, 19.7, 7.6],
			"faces": {
				"north": {"uv": [0, 0, 1.1, 0.2], "texture": "#0"},
				"east": {"uv": [0, 0, 1.1, 0.2], "texture": "#0"},
				"south": {"uv": [0, 0, 1.1, 0.2], "texture": "#0"},
				"west": {"uv": [0, 0, 1.1, 0.2], "texture": "#0"},
				"up": {"uv": [0, 0, 1.1, 0.2], "texture": "#0"},
				"down": {"uv": [0, 0, 1.1, 0.2], "texture": "#0"}
			}
		},
		{
			"from": [7.6, 19.3, 6.4],
			"to": [8.4, 19.6, 7.7],
			"faces": {
				"north": {"uv": [0, 0, 1.3, 0.3], "texture": "#0"},
				"east": {"uv": [0, 0, 1.3, 0.3], "texture": "#0"},
				"south": {"uv": [0, 0, 1.3, 0.3], "texture": "#0"},
				"west": {"uv": [0, 0, 1.3, 0.3], "texture": "#0"},
				"up": {"uv": [0, 0, 1.3, 0.3], "texture": "#0"},
				"down": {"uv": [0, 0, 1.3, 0.3], "texture": "#0"}
			}
		}
	],
	"display": {
		"thirdperson_righthand": {
			"rotation": [34.75, 0, 0],
			"translation": [-0.25, 0, 2]
		},
		"thirdperson_lefthand": {
			"rotation": [34.75, 0, 0],
			"translation": [-0.25, 0, 2]
		},
		"firstperson_righthand": {
			"rotation": [-27.83, -22.41, 15.84],
			"translation": [2.75, -1, 2.25],
			"scale": [1.02, 1, 1]
		},
		"firstperson_lefthand": {
			"rotation": [-27.83, -22.41, 15.84],
			"translation": [2.75, -1, 2.25],
			"scale": [1.02, 1, 1]
		},
		"ground": {
			"translation": [-0.5, 9.5, 1],
			"scale": [1.5, 1.5, 1.5]
		},
		"gui": {
			"rotation": [2.25, 0, 0],
			"translation": [0, -0.25, 0]
		},
		"head": {
			"rotation": [1, 0, 0],
			"translation": [2.25, 12.25, 1.25],
			"scale": [0.6, 0.6, 0.6]
		},
		"fixed": {
			"rotation": [1.02, -11.5, 0.21],
			"translation": [0, 2.5, -1.25],
			"scale": [1.7, 1.7, 1.7]
		}
	},
	"groups": [
		{
			"name": "Everything",
			"origin": [8, 8, 8],
			"color": 0,
			"nbt": "{}",
			"armAnimationEnabled": false,
			"children": [
				{
					"name": "Staff",
					"origin": [8, 8, 8],
					"color": 0,
					"nbt": "{}",
					"armAnimationEnabled": false,
					"children": [0, 1, 2, 3, 4, 5]
				},
				{
					"name": "orb",
					"origin": [8, 8, 8],
					"color": 0,
					"nbt": "{}",
					"armAnimationEnabled": false,
					"children": [6, 7, 8, 9, 10, 11, 12]
				}
			]
		}
	]
}