{
	"credit": "Made with Blockbench",
	"textures": {
		"1": "model_textures/transparent_green",
		"2": "model_textures/solid_green",
		"3": "model_textures/grey",
		"particle": "model_textures/grey"
	},
	"elements": [
		{
			"name": "Main staff",
			"from": [7, 0, 6],
			"to": [9, 16, 8],
			"faces": {
				"north": {"uv": [4, 0, 6, 16], "texture": "#3"},
				"east": {"uv": [4, 0, 6, 16], "texture": "#3"},
				"south": {"uv": [4, 0, 6, 16], "texture": "#3"},
				"west": {"uv": [4, 0, 6, 16], "texture": "#3"},
				"up": {"uv": [4, 0, 6, 16], "texture": "#3"},
				"down": {"uv": [4, 0, 6, 16], "texture": "#3"}
			}
		},
		{
			"name": "bit 1",
			"from": [6, 14.3, 6.2],
			"to": [7, 16, 7.7],
			"faces": {
				"north": {"uv": [12, 2, 13, 4], "texture": "#3"},
				"east": {"uv": [12, 2, 13, 4], "texture": "#3"},
				"south": {"uv": [12, 2, 13, 4], "texture": "#3"},
				"west": {"uv": [12, 2, 13, 4], "texture": "#3"},
				"up": {"uv": [12, 2, 13, 4], "texture": "#3"},
				"down": {"uv": [12, 2, 13, 4], "texture": "#3"}
			}
		},
		{
			"name": "bit 2",
			"from": [8.1, 8.9, 5.7],
			"to": [9.5, 16, 6.3],
			"faces": {
				"north": {"uv": [9, 0, 10, 7], "texture": "#3"},
				"east": {"uv": [9, 0, 10, 7], "texture": "#3"},
				"south": {"uv": [9, 0, 10, 7], "texture": "#3"},
				"west": {"uv": [9, 0, 10, 7], "texture": "#3"},
				"up": {"uv": [9, 0, 10, 7], "texture": "#3"},
				"down": {"uv": [9, 0, 10, 7], "texture": "#3"}
			}
		},
		{
			"name": "bit 3",
			"from": [8.1, 15.7, 7],
			"to": [9.1, 16, 8.4],
			"faces": {
				"north": {"uv": [13, 2, 14, 3], "texture": "#3"},
				"east": {"uv": [13, 2, 14, 3], "texture": "#3"},
				"south": {"uv": [13, 2, 14, 3], "texture": "#3"},
				"west": {"uv": [13, 2, 14, 3], "texture": "#3"},
				"up": {"uv": [13, 2, 14, 3], "texture": "#3"},
				"down": {"uv": [13, 2, 14, 3], "texture": "#3"}
			}
		},
		{
			"name": "bit 2 bit",
			"from": [8, 8.8, 5.4],
			"to": [9, 9.2, 6],
			"faces": {
				"north": {"uv": [10, 13, 11, 14], "texture": "#3"},
				"east": {"uv": [10, 13, 11, 14], "texture": "#3"},
				"south": {"uv": [10, 13, 11, 14], "texture": "#3"},
				"west": {"uv": [10, 13, 11, 14], "texture": "#3"},
				"up": {"uv": [10, 13, 11, 14], "texture": "#3"},
				"down": {"uv": [10, 13, 11, 14], "texture": "#3"}
			}
		},
		{
			"name": "bit 4",
			"from": [6.5, -0.1, 5.9],
			"to": [8.9, 0.4, 7.8],
			"faces": {
				"north": {"uv": [10, 12, 12, 13], "texture": "#3"},
				"east": {"uv": [10, 12, 12, 13], "texture": "#3"},
				"south": {"uv": [10, 12, 12, 13], "texture": "#3"},
				"west": {"uv": [10, 12, 12, 13], "texture": "#3"},
				"up": {"uv": [10, 12, 12, 13], "texture": "#3"},
				"down": {"uv": [10, 12, 12, 13], "texture": "#3"}
			}
		},
		{
			"name": "solid",
			"from": [6, 17, 6],
			"to": [9, 20, 8],
			"faces": {
				"north": {"uv": [0, 0, 1, 1], "texture": "#2"},
				"east": {"uv": [0, 0, 1, 1], "texture": "#2"},
				"south": {"uv": [0, 0, 1, 1], "texture": "#2"},
				"west": {"uv": [0, 0, 1, 1], "texture": "#2"},
				"up": {"uv": [0, 0, 1, 1], "texture": "#2"},
				"down": {"uv": [0, 0, 1, 1], "texture": "#2"}
			}
		},
		{
			"from": [6, 17, 7.9],
			"to": [8.9, 20, 9],
			"faces": {
				"north": {"uv": [0, 0, 1, 1], "texture": "#1"},
				"east": {"uv": [0, 0, 1, 1], "texture": "#1"},
				"south": {"uv": [0, 0, 1, 1], "texture": "#1"},
				"west": {"uv": [0, 0, 1, 1], "texture": "#1"},
				"up": {"uv": [0, 0, 1, 1], "rotation": 90, "texture": "#1"},
				"down": {"uv": [0, 0, 1, 1], "rotation": 270, "texture": "#1"}
			}
		},
		{
			"from": [8.9, 17, 5.5],
			"to": [9.5, 20, 9],
			"faces": {
				"north": {"uv": [0, 0, 1, 1], "texture": "#1"},
				"east": {"uv": [0, 0, 1, 1], "texture": "#1"},
				"south": {"uv": [0, 0, 1, 1], "texture": "#1"},
				"west": {"uv": [0, 0, 1, 1], "texture": "#1"},
				"up": {"uv": [0, 0, 1, 1], "texture": "#1"},
				"down": {"uv": [0, 0, 1, 1], "texture": "#1"}
			}
		},
		{
			"from": [6, 17, 5],
			"to": [9.5, 20, 5.9],
			"faces": {
				"north": {"uv": [0, 0, 1, 1], "texture": "#1"},
				"east": {"uv": [0, 0, 1, 1], "texture": "#1"},
				"south": {"uv": [0, 0, 1, 1], "texture": "#1"},
				"west": {"uv": [0, 0, 1, 1], "texture": "#1"},
				"up": {"uv": [0, 0, 1, 1], "rotation": 270, "texture": "#1"},
				"down": {"uv": [0, 0, 1, 1], "rotation": 90, "texture": "#1"}
			}
		},
		{
			"from": [5.2, 20, 5],
			"to": [9.5, 20.8, 9],
			"faces": {
				"north": {"uv": [0, 0, 1, 1], "rotation": 270, "texture": "#1"},
				"east": {"uv": [0, 0, 1, 1], "rotation": 90, "texture": "#1"},
				"south": {"uv": [0, 0, 1, 1], "rotation": 90, "texture": "#1"},
				"west": {"uv": [0, 0, 1, 1], "rotation": 90, "texture": "#1"},
				"up": {"uv": [0, 0, 1, 1], "rotation": 90, "texture": "#1"},
				"down": {"uv": [0, 0, 1, 1], "rotation": 90, "texture": "#1"}
			}
		},
		{
			"from": [5.2, 17, 5],
			"to": [6, 20, 9],
			"faces": {
				"north": {"uv": [0, 0, 1, 1], "texture": "#1"},
				"east": {"uv": [0, 0, 1, 1], "texture": "#1"},
				"south": {"uv": [0, 0, 1, 1], "texture": "#1"},
				"west": {"uv": [0, 0, 1, 1], "texture": "#1"},
				"up": {"uv": [0, 0, 1, 1], "texture": "#1"},
				"down": {"uv": [0, 0, 1, 1], "texture": "#1"}
			}
		},
		{
			"name": "base",
			"from": [5, 16, 4.5],
			"to": [10, 17, 9.5],
			"faces": {
				"north": {"uv": [0, 0, 4, 1], "texture": "#3"},
				"east": {"uv": [0, 0, 4, 1], "texture": "#3"},
				"south": {"uv": [0, 0, 4, 1], "texture": "#3"},
				"west": {"uv": [0, 0, 4, 1], "texture": "#3"},
				"up": {"uv": [0, 0, 4, 1], "texture": "#3"},
				"down": {"uv": [0, 0, 4, 1], "texture": "#3"}
			}
		}
	],
	"display": {
		"thirdperson_righthand": {
			"rotation": [92, 0, 0],
			"translation": [-0.25, 0.5, 2]
		},
		"thirdperson_lefthand": {
			"rotation": [71, 0, 0],
			"translation": [-0.25, 0, 2]
		},
		"firstperson_righthand": {
			"rotation": [-27.83, -22.41, 15.84],
			"translation": [2.75, -1, 2.25],
			"scale": [1.02, 1, 1]
		},
		"firstperson_lefthand": {
			"rotation": [-26, -21, 15.84],
			"translation": [2.75, -1, 2.25],
			"scale": [1.02, 1, 1]
		},
		"ground": {
			"translation": [-0.5, 9.5, 1],
			"scale": [1.5, 1.5, 1.5]
		},
		"gui": {
			"rotation": [2.25, 0, 0],
			"translation": [0, -0.25, 0]
		},
		"head": {
			"rotation": [1, 0, 0],
			"translation": [2.25, 12.25, 1.25],
			"scale": [0.6, 0.6, 0.6]
		},
		"fixed": {
			"rotation": [88.75, 0, 0],
			"translation": [0.5, -1.75, -12.75],
			"scale": [1.7, 1.7, 1.7]
		}
	},
	"groups": [
		{
			"name": "Everything",
			"origin": [8, 8, 8],
			"color": 0,
			"nbt": "{}",
			"armAnimationEnabled": false,
			"children": [
				{
					"name": "Staff",
					"origin": [8, 8, 8],
					"color": 0,
					"nbt": "{}",
					"armAnimationEnabled": false,
					"children": [0, 1, 2, 3, 4, 5]
				},
				{
					"name": "slime_block",
					"origin": [8, 8, 8],
					"color": 0,
					"nbt": "{}",
					"armAnimationEnabled": false,
					"children": [
						6,
						{
							"name": "transparent",
							"origin": [0, 0, 0],
							"color": 0,
							"nbt": "{}",
							"armAnimationEnabled": false,
							"children": [7, 8, 9, 10, 11]
						},
						12
					]
				}
			]
		}
	]
}