{
  "type": "minecraft:entity",
  "pools": [
    {
      "rolls": 1,
      "entries": [
        {
          "type": "minecraft:item",
          "name": "minecraft:pearlescent_froglight",
          "functions": [
            {
              "function": "minecraft:set_nbt",
              "tag": "{continue_after_slime:1b}"
            }
          ],
          "conditions": [
            {
              "condition": "minecraft:random_chance",
              "chance": 1
            }
          ]
        },
        {
          "type": "minecraft:item",
          "name": "minecraft:carrot_on_a_stick",
          "functions": [
            {
              "function": "minecraft:set_nbt",
              "tag": "{display:{Name:'{\"text\":\"Slime Wand\",\"color\":\"dark_green\",\"italic\":false}',Lore:['{\"text\":\"Right click to summon 2 large slimes that protect you.\",\"color\":\"dark_purple\",\"italic\":false}']},Unbreakable:1b,CustomModelData:210465,slimewand:1b}"
            }
          ]
        }
      ]
    }
  ]
}
