{
  "type": "minecraft:entity",
  "pools": [
    {
      "rolls": 1,
      "entries": [
        {
          "type": "minecraft:item",
          "name": "minecraft:pearlescent_froglight",
          "functions": [
            {
              "function": "minecraft:set_nbt",
              "tag": "{continue_after_slime:1b}"
            }
          ],
          "conditions": [
            {
              "condition": "minecraft:random_chance",
              "chance": 1
            }
          ]
        }
      ]
    }
  ]
}
