{
    "__comment": "Made with TheDestruc7i0n's advancements generator: https://advancements.thedestruc7i0n.ca",
    "display": {
        "title": {
            "text": "The Slime Wand",
            "color": "green"
        },
        "description": {
            "text": "Defeat the Slime king and get the slime wand.",
            "color": "gray"
        },
        "icon": {
            "item": "minecraft:slime_block"
        },
        "frame": "task",
        "show_toast": true,
        "announce_to_chat": true,
        "hidden": false
    },
    "criteria": {
        "impossible": {
            "trigger": "minecraft:impossible"
        }
    },
    "parent": "mystery_9_wands:theskeletonleader"
}