{
    "__comment": "Made with TheDestruc7i0n's advancements generator: https://advancements.thedestruc7i0n.ca",
    "display": {
        "title": {
            "text": "A job"
        },
        "description": {
            "text": "Finish the opining cutscene",
            "color": "gray"
        },
        "icon": {
            "item": "minecraft:player_head",
            "nbt": "{SkullOwner:MHF_Villager}"
        },
        "frame": "task",
        "show_toast": true,
        "announce_to_chat": true,
        "hidden": false
    },
    "criteria": {
        "impossible": {
            "trigger": "minecraft:impossible"
        }
    },
    "parent": "mystery_9_wands:root"
}