{
    "__comment": "Made with TheDestruc7i0n's advancements generator: https://advancements.thedestruc7i0n.ca",
    "display": {
        "title": {
            "text": "Fall of the Skeleton Leader",
            "color": "yellow"
        },
        "description": {
            "text": "Defeat the Skeleton Leader.",
            "color": "gray"
        },
        "icon": {
            "item": "minecraft:skeleton_skull"
        },
        "frame": "task",
        "show_toast": true,
        "announce_to_chat": true,
        "hidden": false
    },
    "criteria": {
        "impossible": {
            "trigger": "minecraft:impossible"
        }
    },
    "parent": "mystery_9_wands:start_advancement"
}