{
	"credit": "Made with Blockbench",
	"textures": {
		"0": "model_textures/wood_brown",
		"1": "model_textures/boot",
		"2": "model_textures/wind",
		"particle": "model_textures/wood_brown"
	},
	"elements": [
		{
			"name": "Main staff",
			"from": [7, 0, 6],
			"to": [9, 16, 8],
			"faces": {
				"north": {"uv": [0, 0, 8, 16], "texture": "#0"},
				"east": {"uv": [0, 0, 8, 16], "texture": "#0"},
				"south": {"uv": [0, 0, 8, 16], "texture": "#0"},
				"west": {"uv": [0, 0, 8, 16], "texture": "#0"},
				"up": {"uv": [0, 0, 8, 16], "texture": "#0"},
				"down": {"uv": [0, 0, 8, 16], "texture": "#0"}
			}
		},
		{
			"name": "bit 1",
			"from": [6, 14.3, 6.2],
			"to": [7, 16, 7.7],
			"faces": {
				"north": {"uv": [2, 2, 8, 6], "texture": "#0"},
				"east": {"uv": [2, 2, 8, 6], "texture": "#0"},
				"south": {"uv": [2, 2, 8, 6], "texture": "#0"},
				"west": {"uv": [2, 2, 8, 6], "texture": "#0"},
				"up": {"uv": [2, 2, 8, 6], "texture": "#0"},
				"down": {"uv": [2, 2, 8, 6], "texture": "#0"}
			}
		},
		{
			"name": "bit 2",
			"from": [8.1, 8.9, 5.7],
			"to": [9.5, 16, 6.3],
			"faces": {
				"north": {"uv": [0, 5, 8, 14], "texture": "#0"},
				"east": {"uv": [0, 5, 8, 14], "texture": "#0"},
				"south": {"uv": [0, 5, 8, 14], "texture": "#0"},
				"west": {"uv": [0, 5, 8, 14], "texture": "#0"},
				"up": {"uv": [0, 5, 8, 14], "texture": "#0"},
				"down": {"uv": [0, 5, 8, 14], "texture": "#0"}
			}
		},
		{
			"name": "bit 3",
			"from": [8.1, 15.7, 7],
			"to": [9.1, 16, 8.4],
			"faces": {
				"north": {"uv": [5, 0, 8, 2], "texture": "#0"},
				"east": {"uv": [5, 0, 8, 2], "texture": "#0"},
				"south": {"uv": [5, 0, 8, 2], "texture": "#0"},
				"west": {"uv": [5, 0, 8, 2], "texture": "#0"},
				"up": {"uv": [5, 0, 8, 2], "texture": "#0"},
				"down": {"uv": [5, 0, 8, 2], "texture": "#0"}
			}
		},
		{
			"name": "bit 2 bit",
			"from": [8, 8.8, 5.4],
			"to": [9, 9.2, 6],
			"faces": {
				"north": {"uv": [5, 5, 8, 8], "texture": "#0"},
				"east": {"uv": [5, 5, 8, 8], "texture": "#0"},
				"south": {"uv": [5, 5, 8, 8], "texture": "#0"},
				"west": {"uv": [5, 5, 8, 8], "texture": "#0"},
				"up": {"uv": [5, 5, 8, 8], "texture": "#0"},
				"down": {"uv": [5, 5, 8, 8], "texture": "#0"}
			}
		},
		{
			"name": "bit 4",
			"from": [6.5, -0.1, 5.9],
			"to": [8.9, 0.4, 7.8],
			"faces": {
				"north": {"uv": [4, 7, 8, 10], "texture": "#0"},
				"east": {"uv": [4, 7, 8, 10], "texture": "#0"},
				"south": {"uv": [4, 7, 8, 10], "texture": "#0"},
				"west": {"uv": [4, 7, 8, 10], "texture": "#0"},
				"up": {"uv": [4, 7, 8, 10], "texture": "#0"},
				"down": {"uv": [4, 7, 8, 10], "texture": "#0"}
			}
		},
		{
			"from": [6, 16, 6],
			"to": [9, 17, 8],
			"faces": {
				"north": {"uv": [3, 0, 6, 1], "texture": "#1"},
				"east": {"uv": [3, 0, 6, 1], "texture": "#1"},
				"south": {"uv": [3, 0, 6, 1], "texture": "#1"},
				"west": {"uv": [3, 0, 6, 1], "texture": "#1"},
				"up": {"uv": [3, 0, 6, 1], "texture": "#1"},
				"down": {"uv": [3, 0, 6, 1], "texture": "#1"}
			}
		},
		{
			"from": [6, 17, 6],
			"to": [8, 18, 8],
			"faces": {
				"north": {"uv": [2, 0, 4, 1], "texture": "#1"},
				"east": {"uv": [2, 0, 4, 1], "texture": "#1"},
				"south": {"uv": [2, 0, 4, 1], "texture": "#1"},
				"west": {"uv": [2, 0, 4, 1], "texture": "#1"},
				"up": {"uv": [2, 0, 4, 1], "texture": "#1"},
				"down": {"uv": [2, 0, 4, 1], "texture": "#1"}
			}
		},
		{
			"from": [3.4, 18, 6],
			"to": [3.5, 19.5, 7],
			"faces": {
				"north": {"uv": [0, 0, 0.5, 1.5], "texture": "#2"},
				"east": {"uv": [0, 0, 0.5, 1.5], "texture": "#2"},
				"south": {"uv": [0, 0, 0.5, 1.5], "texture": "#2"},
				"west": {"uv": [0, 0, 0.5, 1.5], "texture": "#2"},
				"up": {"uv": [0, 0, 0.5, 1.5], "texture": "#2"},
				"down": {"uv": [0, 0, 0.5, 1.5], "texture": "#2"}
			}
		},
		{
			"from": [4.5, 16.5, 7],
			"to": [6, 17, 8],
			"faces": {
				"north": {"uv": [0, 0, 1.5, 1], "texture": "#2"},
				"east": {"uv": [0, 0, 1.5, 1], "texture": "#2"},
				"south": {"uv": [0, 0, 1.5, 1], "texture": "#2"},
				"west": {"uv": [0, 0, 1.5, 1], "texture": "#2"},
				"up": {"uv": [0, 0, 1.5, 1], "texture": "#2"},
				"down": {"uv": [0, 0, 1.5, 1], "texture": "#2"}
			}
		},
		{
			"from": [5, 17.8, 3],
			"to": [6.9, 18, 3.6],
			"faces": {
				"north": {"uv": [0, 0, 1.9, 0.6], "texture": "#2"},
				"east": {"uv": [0, 0, 1.9, 0.6], "texture": "#2"},
				"south": {"uv": [0, 0, 1.9, 0.6], "texture": "#2"},
				"west": {"uv": [0, 0, 1.9, 0.6], "texture": "#2"},
				"up": {"uv": [0, 0, 1.9, 0.6], "texture": "#2"},
				"down": {"uv": [0, 0, 1.9, 0.6], "texture": "#2"}
			}
		},
		{
			"from": [5, 17.9, 3.3],
			"to": [6, 18.1, 5.5],
			"faces": {
				"north": {"uv": [1, 4, 0, 2], "texture": "#2"},
				"east": {"uv": [1, 4, 0, 2], "texture": "#2"},
				"south": {"uv": [1, 4, 0, 2], "texture": "#2"},
				"west": {"uv": [1, 4, 0, 2], "texture": "#2"},
				"up": {"uv": [1, 4, 0, 2], "texture": "#2"},
				"down": {"uv": [1, 4, 0, 2], "texture": "#2"}
			}
		}
	],
	"display": {
		"thirdperson_righthand": {
			"rotation": [35, 91, 0],
			"translation": [1.5, 0, 2]
		},
		"thirdperson_lefthand": {
			"rotation": [34.75, -91, 0],
			"translation": [-0.25, 0, 2]
		},
		"firstperson_righthand": {
			"rotation": [-27.83, -22.41, 15.84],
			"translation": [2.75, -1, 2.25],
			"scale": [1.02, 1, 1]
		},
		"firstperson_lefthand": {
			"rotation": [-27.83, -22.41, 15.84],
			"translation": [2.75, -1, 2.25],
			"scale": [1.02, 1, 1]
		},
		"ground": {
			"translation": [-0.5, 9.5, 1],
			"scale": [1.5, 1.5, 1.5]
		},
		"gui": {
			"rotation": [2.25, -86, 0],
			"translation": [0, -0.25, 0]
		},
		"head": {
			"rotation": [1, 0, 0],
			"translation": [2.25, 12.25, 1.25],
			"scale": [0.6, 0.6, 0.6]
		},
		"fixed": {
			"rotation": [1.02, 89, 0.21],
			"translation": [2.25, 2.5, -1.25],
			"scale": [1.7, 1.7, 1.7]
		}
	},
	"groups": [
		{
			"name": "Everything",
			"origin": [8, 8, 8],
			"color": 0,
			"children": [
				{
					"name": "Staff",
					"origin": [8, 8, 8],
					"color": 0,
					"children": [0, 1, 2, 3, 4, 5]
				},
				{
					"name": "boot",
					"origin": [8, 8, 8],
					"color": 0,
					"children": [6, 7]
				},
				{
					"name": "wind",
					"origin": [8, 8, 8],
					"color": 0,
					"children": [8, 9, 10, 11]
				}
			]
		}
	]
}