{
  "parent": "minecraft:item/handheld_rod",
  "textures": {
    "layer0": "minecraft:item/carrot_on_a_stick"
  },
    "overrides": [
	{"predicate": {"custom_model_data": 0}, "model": "item/carrot_on_a_stick"},
	{"predicate": {"custom_model_data": 2223}, "model": "custom_models/fang_wand"},
	{"predicate": {"custom_model_data": 92869}, "model": "custom_models/orb_wand"},
	{"predicate": {"custom_model_data": 210465}, "model": "custom_models/slime_wand"},
	{"predicate": {"custom_model_data": 643978}, "model": "custom_models/speed_wand"},
  {"predicate": {"custom_model_data": 798893}, "model": "custom_models/undead_wand"},
  {"predicate": {"custom_model_data": 967854}, "model": "custom_models/water_wand"},
  {"predicate": {"custom_model_data": 986694}, "model": "custom_models/flame_wand"},
  {"predicate": {"custom_model_data": 1534853}, "model": "custom_models/void_wand"},
  {"predicate": {"custom_model_data": 2373578}, "model": "custom_models/cat_wand"}
    ]
}
