{
  "parent": "minecraft:item/generated",
  "textures": {
    "layer0": "minecraft:item/paper"
  },
  "overrides": [
	{

		"predicate": {
			"custom_model_data": 54861
		},
		"model": "custom_textures/1"
	},
	{

		"predicate": {
			"custom_model_data": 54862
		},
		"model": "custom_textures/2"
	},
	{

		"predicate": {
			"custom_model_data": 54863
		},
		"model": "custom_textures/3"
	},
	{

		"predicate": {
			"custom_model_data": 54864
		},
		"model": "custom_textures/4"
	},
	{

		"predicate": {
			"custom_model_data": 54865
		},
		"model": "custom_textures/5"
	},
	{

		"predicate": {
			"custom_model_data": 54866
		},
		"model": "custom_textures/6"
	},
	{

		"predicate": {
			"custom_model_data": 54867
		},
		"model": "custom_textures/7"
	},
	{

		"predicate": {
			"custom_model_data": 54868
		},
		"model": "custom_textures/8"
	},
	{

		"predicate": {
			"custom_model_data": 54869
		},
		"model": "custom_textures/9"
	},
	{

		"predicate": {
			"custom_model_data": 548610
		},
		"model": "custom_textures/reload"
	},
	{

		"predicate": {
			"custom_model_data": 874336
	 },
		"model": "custom_textures/checkmark"
	},
	{"predicate": {"custom_model_data": 987785}, "model": "custom_models/purse"}
  ]
}
